Gustave Agrafuse,Suspended
Robin Banks,Suspended
Justin Boone,Suspended
Dan Brown,Suspended
John Brown,Suspended
Elizabeth Comstock,Suspended
Jesse Cox,Revoked
Christopher Curtis,Revoked
Booker Dewitt,Revoked
Alex Fung,Revoked
Alexander Hamilton,Suspended
Anne Hathaway,Suspended
Marcello Ianni,Revoked
Jonathan Jafari,Revoked
Lois Lane,Suspended
David Nolan,Suspended
Josh Park,Revoked
Emily Pomme,Revoked
Elise Prosperi,Suspended
Keunu Reaves,Suspended
Thomas Sanders,Revoked
Luke Skywalker,Suspended
Jack Sparrow,Suspended
Geronimo Stilton,Revoked
Nazia Tafadar,Suspended
David Tennant,Revoked
Mr Twiet,Expired
Zelda Williams,Suspended
Anna Xi,Revoked
